Pink Midi Maxi Dress,34.9900016784668,Dress,Women
Pink Abstract Print Mesh Kimono Bandeau Dress,33.6441993713379,Dress,Women
Chartreus Pleated Cut Detail Cami Dress,9.5,Dress,Women
Burgundy One Shoulder Cutout Waist Dress,9.5,Dress,Women
Pink Stripe Knit Split Maxi Dress,33.6441993713379,Dress,Women
Orange Knot Front Satin Maxi Dress,8.64420032501221,Dress,Women
Nude Diamante Chain Satin Mini Dress,48.0672988891602,Dress,Women
Blue Ruched Side Strappy Mini Dress,48.0672988891602,Dress,Women
Black Laced Up Back S/S Mini Dress,48.0672988891602,Dress,Women
Blue Strappy Satin Midi Dress,48.0672988891602,Dress,Women
Navy Sweetheart Nackline Mesh Dress,1263.45983886719,Dress,Women
Blue V Neck Mini Dress,1263.45983886719,Dress,Women
Lilac Faux Feather Dress,1263.45983886719,Dress,Women
Green Pleated Waist Shirt Dress,1263.45983886719,Dress,Women
Black Strappy Satin Mini Dress With Folded Neckline,1263.45983886719,Dress,Women
Blue Print Split Maxi Dress,297.634613037109,Dress,Women
Light Blue Wash Long Straight Leg Jeans,297.634613037109,Jeans,Women
Light Blue Straight Leg Jeans,297.634613037109,Jeans,Women
Light Blue Wash Knee Rip Hem Wide Leg Flares,306.563598632813,Jeans,Women
Light Blue Wash Pocket Skinny Jeans,306.563598632813,Jeans,Women
Wash Blue Ripped Long Leg Straight Jeans,306.563598632813,Jeans,Women
Washed Blue Ripped Split Hem Jeans,306.563598632813,Jeans,Women
BLUE KNEE RIPPED JEANS,306.563598632813,Jeans,Women
BLUE WAISTBAND WIDE LEG JEANS,306.563598632813,Jeans,Women
LIGHT BLUE THIGH RIP DENIM SHORT,594.830017089844,Jeans,Women
BLUE WASH HIGH WAISTED RIPPED DENIM SHORTS,594.830017089844,Jeans,Women
BLACK DISTRESSED DENIM SHORT,594.830017089844,Jeans,Women
BLUE WASH HIGH WAISTED TURN UP RIPPED DENIM SHORT,594.830017089844,Jeans,Women
DARK BLUE WASH HIGH WAISTED RIPPED DENIM SHORT,594.830017089844,Jeans,Women
BLUE DISTRESSED JEANS,297.634613037109,Jeans,Women
BLACK FLARE JEANS,297.634613037109,Jeans,Women
Green Print Long Sleeve Bodysuit,297.634613037109,Body Suit,Women
White Cutout Bodysuit,1204.32482910156,Body Suit,Women
Red Bandeau Mesh Bodysuit,1364.5,Body Suit,Women
Pink/White Zip Front Mesh Bodysuit,1364.5,Body Suit,Women
Blue Multi Print Long Sleeve Bodysuit,1204.32482910156,Body Suit,Women
ORANGE-YELLOW BODYSUIT,1191.17395019531,Body Suit,Women
PINK/PURPLE BODYSUIT,1349.59997558594,Body Suit,Women
PINK LONG SLEEVE BODYSUIT,1349.59997558594,Body Suit,Women
ZIBRA STRECTH SATIN UNDERWIRED BODYSUIT,1191.17395019531,Body Suit,Women
WHITE SLINKY CUT OUT BODYSUIT,1191.17395019531,Body Suit,Women
Renua Striped Silky Dress - Orange,1204.32482910156,Dress,Women
Renua Striped Silky Dress - Mustard,3578.27001953125,Dress,Women
Amira Technical Organza Oversized Long Sleeve Shirt Dress,3578.27001953125,Dress,Women
Mawi Faux Croc Leather Dress - Sapphire,3578.27001953125,Dress,Women
Mawi Faux Croc Leather Dress - Hot Pink,3578.27001953125,Dress,Women
Zuhi Keyhole Dress - Hot Pink,3578.27001953125,Dress,Women
Simona Mini Dress - Blue,1457.98999023438,Dress,Women
Zuhi Keyhole Dress - Black,1457.98999023438,Dress,Women
Simona Mini Dress - Hot Pink,1457.98999023438,Dress,Women
Lolita Knit Dress,1457.98999023438,Dress,Women
Mawi Faux Croc Leather Dress - Coffee,1457.98999023438,Dress,Women
Acacia Ruched Sleeveless Dress - Yellow,699.098205566406,Dress,Women
Imade Knitted Long Sleeve Braid Dress - Yellow,699.098205566406,Dress,Women
Imade Knitted Long Sleeve Braid Dress - Pink,699.098205566406,Dress,Women
Crew Neck Long Sleeve Mesh Dress- Femi Print Baby Blue,699.098205566406,Dress,Women
Mesh Crew Neck Long Sleeve Mini Dress- Femi Print Purple,699.098205566406,Dress,Women
Bea Buttoned Cotton Maxi Dress - White,699.098205566406,Dress,Women
Radiant Night Heeled Sandals - Silver,699.098205566406,Shoes,Women
Lost Your Chance Knee High Boots - Silver,699.098205566406,Shoes,Women
Radiant Night Heeled Sandals - Gold,699.098205566406,Shoes,Women
Always On My Mind Heeled Sandals - Gold,699.098205566406,Shoes,Women
I'm Onto You Sneakers - Black,699.098205566406,Shoes,Women
Got The Look Booties - Ivory,699.098205566406,Shoes,Women
Sasha Buckle Booties - Black,3399.98999023438,Shoes,Women
Lost Your Chance Knee High Boots - Black,3399.98999023438,Shoes,Women
Fun Nights Knee High Heeled Boots - Blue,3399.98999023438,Shoes,Women
Alessia Embellished Knee High Boots - Denim,3399.98999023438,Shoes,Women
Rhinestone Baby Heeled Mules - Neon Yellow,3374.98999023438,Shoes,Women
Cozy But Cute Wedges - Green,3374.98999023438,Shoes,Women
Got You Jealous Heeled Sandals - Pink,3374.98999023438,Shoes,Women
All That Sparkle Over The Knee Boots - Pink,3374.98999023438,Shoes,Women
Miss The Moment Knee High Heeled Boots - Cream,2071.41967773438,Shoes,Women
Feeling Trendy Cargo Boots - White,2071.41967773438,Shoes,Women
Get Used To It Knee High Boots - Pink,2071.41967773438,Shoes,Women
Always Your Babe Over The Knee Heeled Boots - Rose,2049.09814453125,Shoes,Women
On My Way Out Velvet Boots - Pink,2049.09814453125,Shoes,Women
Carnival Nights Embellished Boots - Blue,2049.09814453125,Shoes,Women
Always Your Babe Over The Knee Heeled Boots - Purple,1079.98999023438,Shoes,Women
Got A Good Thing Sneakers - Denim,1079.98999023438,Shoes,Women
Cool Vibes Sneakers - Denim,1079.98999023438,Shoes,Women
Old School Sneakers - Green,1079.98999023438,Shoes,Women
Fuzzy Moments Slippers - Black,2443.35009765625,Shoes,Women
Sunshine Fine Foam Slides - Black,2443.35009765625,Shoes,Women
Mckinley Embellished Novelty Heels - Purple,2443.35009765625,Shoes,Women
Early Notice Pumps - Purple,2181.5625,Shoes,Women
It's Happening Pumps - Black,2181.5625,Shoes,Women
Point You In The Right Direction Heel - Black,2181.5625,Shoes,Women
Nothing But The Best Wrap Up Heels - Gold,2181.5625,Shoes,Women
Always Bold Platform Heels - Gold,2181.5625,Shoes,Women
Acting Nice Ballet Flats - Silver,1000.4375,Shoes,Women
Everyday Flats - Nude,1000.4375,Shoes,Women
Searching For Me Platform Heels - Pink,1000.4375,Shoes,Women
Chasing The Thrill Over The Knee Boots - Pink,1000.4375,Shoes,Women
An Iconic Look Mules - Orange,1000.4375,Shoes,Women
Valet Only Mules - Orange,148.220001220703,Shoes,Women
Pretty In Thigh High Boots - Black,175.490005493164,Shoes,Women
Give You What You Need Boots - Black,229.490005493164,Shoes,Women
Nadine Overlay Wedge Boots - Silver,34.2000007629395,Shoes,Women
Carnival Nights Embellished Boots - Silver,102.290000915527,Shoes,Women
Black Pleated Micro Mini Skirt,124.730003356934,Skirt,Women
Khaki Belt Pocket Slit Skirt,40.4908981323242,Skirt,Women
Multi Mini Skirt,56.290901184082,Skirt,Women
POCKET DETAILED BELTED MINI SKIRT,109.336402893066,Skirt,Women
BLACK ZEBRA MESH SKIRT,40.4908981323242,Skirt,Women
LAVENDER PLEATED SKIRT,56.290901184082,Skirt,Women
ORANGE PLEATED MIDI SKIRT,109.336402893066,Skirt,Women
PINK PLEATED MIDI SKIRT,348.760009765625,Skirt,Women
MUSTARD A-LINE MINI SKIRT,60.7449989318848,Skirt,Women
MERALD PU CUTOUT MINI SKIRT,209.024993896484,Skirt,Women
ROYALE BLUE PLEATED SKIRT,300.214996337891,Skirt,Women
BLACK PU CUTOUT MINI SKIRT,85.5650024414063,Skirt,Women
KHAKI CARGO MINI SKIRT,248.384994506836,Skirt,Women
BLACK FRINGE MINI BODYCON SKIRT,330.059997558594,Skirt,Women
LEOPARD PRINT SATIN TIE SIDE MINI SKIRT,218.009994506836,Skirt,Women
BLACK SATIN MINI SKIRT,540.754516601563,Skirt,Women
PINK FRINGE MINI BODYCON SKIRT,87.745002746582,Skirt,Women
BLACK SEQUIN MINI SKIRT,236.024993896484,Skirt,Women
PINK SATIN MIDI SKIRT,327.214996337891,Skirt,Women
STONE SPLIT MINI SKIRT,112.565002441406,Skirt,Women
PINK CORSET SEAM DETAIL MINI SKIRT,275.385009765625,Skirt,Women
Ed Hardy Love Kills Beanie - Black/combo,357.059997558594,Accessories,Women
Hardly Working Utility Belt - Black,245.009994506836,Accessories,Women
Classy Babe Earrings - Gold,348.760009765625,Accessories,Women
Manifest It Handbag - Gold,348.760009765625,Accessories,Women
Glam Cross Earrings - Silver,348.760009765625,Accessories,Women
What You Tell Me Layered Necklace - Silver,540.754516601563,Accessories,Women
Crazy Fur You Bucket Hat - Black,540.754516601563,Accessories,Women
Cheetah Sisters Shoulder Bag - Black,540.754516601563,Accessories,Women
Cuddle With Me Hat - Tan,540.754516601563,Accessories,Women
Cheetah Sisters Shoulder Bag - Taupe,1301.36364746094,Accessories,Women
Classy Babe Earrings - Silver,1301.36364746094,Accessories,Women
Aspen Ready Gloves - Pink,1301.36364746094,Accessories,Women
Bonjour Mi Amour Beret - Ivory,1301.36364746094,Accessories,Women
Everyday Chain Necklace - Gold,59.9900016784668,Accessories,Women
The Pearliest Girl Fedora - Black,125,Accessories,Women
Can't Hold Me Back Hoops - Gold,25,Accessories,Women
New Chances Earrings - Silver,19.9899997711182,Accessories,Women
Stone Hearts 5 Piece Ring Set - Clear/Silver,24.9899997711182,Accessories,Women
Should Have Been Us Belt - Black,13.9899997711182,Accessories,Women
Modern Babe Handbag - Denim,34.9900016784668,Accessories,Women
Never Bored Hoop Earrings - Gold,44.9900016784668,Accessories,Women
Always Covered Handbag - Black,59.9900016784668,Accessories,Women
Quilted Cabbie Hat - Black,59.9900016784668,Accessories,Women
Best To Me 5 Piece Ring Set - Silver,59.9900016784668,Accessories,Women
Men's Stripped business Suit | Black,74.9899978637695,Men's Suit,Men
Men's Suit With Single Button |Black,74.9899978637695,Men's Suit,Men
Men's Suit with Single Button |Grey,74.9899978637695,Men's Suit,Men
Men's Suit With Single Button | Navy Blue,89.9899978637695,Men's Suit,Men
Men's Suit with Single Button | Grey,89.9899978637695,Men's Suit,Men
Men's Suit with Single Button |Royal Blue,89.9899978637695,Men's Suit,Men
Men's 3-piece business Suit | Black,23.5480995178223,Men's Suit,Men
Men's 3-piece business Suit | Navy Blue,23.5480995178223,Men's Suit,Men
Men's 3-piece business Suit | Grey,23.5480995178223,Men's Suit,Men
Men's 3-piece business Suit | Royal blue,37.9900016784668,Men's Suit,Men
Men's Tuxedo with Single Button |NavyBlue,37.9900016784668,Men's Suit,Men
Off White Men's Tuxedo with Single Button,37.9900016784668,Men's Suit,Men
Men's Tuxedo Single Button |Black,63.5,Men's Suit,Men
Men's Tuxedo with Single Button |white,63.5,Men's Suit,Men
Men's Tuxedo with Single Button |Royal Blue,63.5,Men's Suit,Men
Men's Tuxedo with Single Button |Grey,1003.90997314453,Men's Suit,Men
Men's Tuxedo with Single Button |Black,1003.90997314453,Men's Suit,Men
SIZE 58 3 Piece Men's Suit with Single Button | Army Green,1003.90997314453,Men's Suit,Men
AM block check men's Shirt | Sky blue,1003.90997314453,Shirt,Men
TM Martin Bishop Collar Shirt | Black,9.98999977111816,Shirt,Men
TM Martin Bishop Collar Shirt | White spec,8.98999977111816,Shirt,Men
FSH two toned Dress shirt | Pastel,2.28999996185303,Shirt,Men
AM check men's Shirt | Blue,8.98999977111816,Shirt,Men
AM check men's Shirt | White,8.98999977111816,Shirt,Men
TM Martin men's classic Shirt | Burgundy,120,Shirt,Men
TM Martin men's classic Shirt | White,7.94999980926514,Shirt,Men
AG designer plain polo shirt | Beige,21.9799995422363,Shirt,Men
TH crested Tee-shirt | Navy Blue,159,Shirt,Men
LST croc print polo shirt | Navy blue,54.9900016784668,Shirt,Men
AM crested designer polo shirt | Black,53.9900016784668,Shirt,Men
FSH drip print Dress shirt | Orange,53.9900016784668,Shirt,Men
FSH floral print Dress shirt | Blue,53.9900016784668,Shirt,Men
Shortsleeve Ricardo Martinez Print Shirt | County,53.9900016784668,Shirt,Men
PRL trophy two toned polo shirt | Grey,1003.90997314453,Shirt,Men
PRL trophy two toned polo shirt | Black,333.420013427734,Shirt,Men
JP peacock print dress Shirt | Blue,1003.90997314453,Shirt,Men
Shortsleeve Ricardo Martinez Print Shirt | Strands,1003.90997314453,Shirt,Men
PRL trophy two toned polo shirt | Green,1003.90997314453,Shirt,Men
GB leather penny loafers for men | Brown,1003.90997314453,Shoes,Men
BB skin leather Mules | Black,1003.90997314453,Shoes,Men
LB Suede white soles | Black,1003.90997314453,Shoes,Men
LV capped leather laceup shoe | Brown,1003.90997314453,Shoes,Men
GC crested textured white soles | Black,121.459999084473,Shoes,Men
LV. textured penny loafers | Brown,333.420013427734,Shoes,Men
TF cracked leather Mules | Black,333.420013427734,Shoes,Men
VLT crested tassel leather Bold sole | Black,333.420013427734,Shoes,Men
GB cracked leather loafers | Brown,333.420013427734,Shoes,Men
GB leather penny loafers for men | Black,333.420013427734,Shoes,Men
PRL easy suede loafers | Brown,333.420013427734,Shoes,Men
SF regal textured loafers for men | Black,333.420013427734,Shoes,Men
LV textured leather monk shoe | Brown,333.420013427734,Shoes,Men
TF cracked leather Mules | Brown,333.420013427734,Shoes,Men
TF leather laceup brogues | Dark Brown,364.089996337891,Shoes,Men
LV. textured penny loafers | Black,364.089996337891,Shoes,Men
LV poised leather laceup shoe | Brown,364.089996337891,Shoes,Men
LV capped textued laceup shoe | Black,106.5,Shoes,Men
CLK capped leather Laceup shoe | Light Brown,27.1200008392334,Shoes,Men
TF leather mens penny loafers | Black,39.1399993896484,Shoes,Men
Premium Chinos Trouser | Navy Blue,52.6399993896484,Trousers,Men
Premium Men's Dress Trouser | Black,27.1200008392334,Trousers,Men
Premium Jeans Trouser | Blue,39.1399993896484,Trousers,Men
Men's Chinos Trouser | Light Grey,52.6399993896484,Trousers,Men
Black Men's office Trouser,27.1200008392334,Trousers,Men
Navy Blue Men's formal Trouser,39.1399993896484,Trousers,Men
Mens dress Trouser | Grain Grey,52.6399993896484,Trousers,Men
Grey Men's formal Trouser,264.049987792969,Trousers,Men
Men's Chinos Trouser | Cream,264.049987792969,Trousers,Men
Men's Chinos Trouser | Navy Blue,264.049987792969,Trousers,Men
Men's Chinos Trouser | Carton,264.049987792969,Trousers,Men
Premium Chinos Trouser | Beige,4.98999977111816,Trousers,Men
Premium Chinos Trouser | Black,3.99000000953674,Trousers,Men
Premium Chinos Trouser | Brown,4.98999977111816,Trousers,Men
Premium Chinos Trouser | Wine,249.789993286133,Trousers,Men
Premium Chinos Trouser | Purple,249.789993286133,Trousers,Men
Premium Chinos Trouser | Carton,249.789993286133,Trousers,Men
Premium Jeans Trouser | Charcoal Black,249.789993286133,Trousers,Men
Premium Jeans Trouser | Grain Black,24.9899997711182,Trousers,Men
Men's smart Shorts | Mint,29.9899997711182,Trousers,Men
