Amara Okafor,2022-12-19,5
Amara Balogun,2016-09-24,3
Chibuzor Okafor,2023-07-06,6
Tolu Solomon,2023-01-15,1
Ifunanya Onyeka,2017-04-10,6
Chibuzor Eze,2019-07-05,3
Chibuzor Ibrahim,2023-04-23,4
Ifunanya Eze,2014-08-31,7
Ifunanya Solomon,2017-04-06,2
Chibuzor Afolayan,2017-12-29,7
Adeola Solomon,2015-10-22,3
Femi Eze,2023-06-27,4
Damilola Adeyemi,2014-11-26,6
Adeola Ibrahim,2017-08-28,5
Femi Okafor,2017-10-20,5
Femi Usman,2017-11-24,2
Chinwe Abubakar,2021-11-01,1
Tolu Ibrahim,2019-12-13,5
Chinwe Eze,2016-12-09,5
Chijioke Adeyemi,2022-08-18,7
Tolu Eze,2011-08-27,2
Damilola Okafor,2013-02-25,2
Tolu Okafor,2019-01-14,4
Damilola Usman,2019-06-09,5
Ifunanya Adeyemi,2021-10-16,7
Femi Eze,2014-10-12,3
Chibuzor Afolayan,2022-08-06,4
Damilola Afolayan,2020-10-20,7
Chibuzor Afolayan,2022-05-04,4
Chinwe Onyeka,2019-03-09,4
Tolu Abubakar,2019-06-01,7
Tolu Ibrahim,2018-05-08,3
Olumide Ibrahim,2020-06-04,4
Chibuzor Solomon,2022-09-29,5
Chinwe Eze,2019-01-30,3
Adeola Okafor,2017-10-17,4
Chinwe Ibrahim,2015-10-12,4
Chijioke Onyeka,2022-12-06,7
Adeola Usman,2021-03-12,6
Chibuzor Balogun,2016-04-11,2
Damilola Solomon,2010-09-30,4
Chijioke Ibrahim,2013-10-23,7
Chinwe Abubakar,2012-02-10,6
Ifunanya Afolayan,2018-12-20,3
Chibuzor Abubakar,2023-04-19,4
Olumide Abubakar,2017-01-08,3
Adeola Balogun,2013-11-27,5
Tolu Ibrahim,2022-02-11,7
Damilola Okafor,2012-12-11,4
Chijioke Eze,2010-09-28,1
Tolu Balogun,2010-10-04,4
Damilola Adeyemi,2017-12-15,4
Chinwe Eze,2014-11-14,5
Chinwe Eze,2019-03-03,4
Damilola Usman,2021-12-27,6
Chijioke Abubakar,2018-02-02,7
Ifunanya Balogun,2017-04-28,5
Adeola Onyeka,2010-12-25,1
Adeola Onyeka,2011-04-09,4
Damilola Usman,2023-05-23,7
Ifunanya Solomon,2012-05-03,5
Tolu Ibrahim,2011-01-07,2
Chibuzor Onyeka,2019-01-09,7
Damilola Afolayan,2014-03-05,3
Ifunanya Balogun,2023-02-07,4
Chijioke Solomon,2019-05-25,2
Chinwe Okafor,2012-11-24,4
Tolu Balogun,2021-12-25,6
Chibuzor Solomon,2019-01-06,6
Adeola Ibrahim,2019-05-06,6
Ifunanya Onyeka,2018-04-01,2
Damilola Balogun,2018-08-10,5
Damilola Abubakar,2019-04-20,2
Femi Usman,2018-02-12,6
Chijioke Solomon,2011-09-19,2
Chibuzor Usman,2019-05-10,1
Adeola Balogun,2014-03-03,4
Chijioke Afolayan,2014-08-15,4
Amara Abubakar,2020-03-09,5
Femi Ibrahim,2016-10-20,4
Damilola Abubakar,2016-11-26,4
Adeola Okafor,2016-06-29,4
Adeola Afolayan,2018-04-12,3
Damilola Onyeka,2017-08-28,6
Femi Eze,2021-07-01,2
Ifunanya Okafor,2012-09-16,5
Damilola Okafor,2020-03-01,4
Chijioke Afolayan,2020-02-05,6
Chibuzor Onyeka,2017-10-21,4
Damilola Eze,2012-07-13,3
Olumide Balogun,2014-04-02,5
Damilola Abubakar,2022-02-04,2
Chijioke Eze,2019-07-06,5
Ifunanya Afolayan,2012-10-04,4
Chibuzor Balogun,2017-06-20,6
Chijioke Ibrahim,2011-11-22,4
Chinwe Onyeka,2019-10-09,5
Chinwe Balogun,2014-11-19,6
Chibuzor Onyeka,2020-07-03,4
Ifunanya Abubakar,2018-04-24,4
